District,Neighbors
agar malwa,shajapur
agar malwa,ujjain
agar malwa,jhalawar
agar malwa,ratlam
agar malwa,rajgarh
agra,etawah
agra,firozabad
agra,etah
agra,hathras
agra,mathura
ahmedabad,mehsana
ahmedabad,botad
ahmedabad,anand
ahmedabad,bhavnagar
ahmedabad,gandhinagar
ahmedabad,kheda
ahmedabad,surendranagar
ahmednagar,pune
ahmednagar,beed
ahmednagar,osmanabad
ahmednagar,thane
ahmednagar,solapur
ahmednagar,nashik
aizawl,pherzawl
aizawl,champhai
aizawl,cachar
aizawl,mamit
aizawl,lunglei
aizawl,kolasib
aizawl,serchhip
ajmer,rajsamand
ajmer,tonk
ajmer,nagaur
ajmer,bhilwara
ajmer,jaipur
ajmer,pali
akola,amravati
akola,washim
akola,buldhana
alappuzha,kollam
alappuzha,kottayam
alappuzha,ernakulam
aligarh,kasganj
aligarh,hathras
aligarh,bulandshahr
aligarh,sambhal
aligarh,gautam buddha nagar
aligarh,mathura
aligarh,budaun
alipurduar,jalpaiguri
alipurduar,kokrajhar
alipurduar,cooch behar
alirajpur,jhabua
alirajpur,dhar
alirajpur,barwani
almora,pithoragarh
almora,pauri garhwal
almora,nainital
almora,chamoli
almora,bageshwar
almora,champawat
alwar,dausa
alwar,jaipur
alwar,bharatpur
ambala,yamunanagar
ambala,s.a.s. nagar
ambala,patiala
ambala,kurukshetra
ambala,panchkula
ambedkar nagar,sant kabir nagar
ambedkar nagar,sultanpur
ambedkar nagar,azamgarh
ambedkar nagar,gorakhpur
ambedkar nagar,basti
ambedkar nagar,ayodhya
amethi,sultanpur
amethi,barabanki
amethi,ayodhya
amethi,rae bareli
amravati,chhindwara
amravati,yavatmal
amravati,washim
amravati,betul
amravati,buldhana
amravati,khandwa
amravati,burhanpur
amravati,wardha
amravati,nagpur
amreli,rajkot
amreli,junagadh
amreli,botad
amreli,gir somnath
amreli,bhavnagar
amritsar,kapurthala
amritsar,tarn taran
amritsar,gurdaspur
amroha,meerut
amroha,bulandshahr
amroha,sambhal
amroha,moradabad
amroha,bijnor
amroha,hapur
anand,vadodara
anand,bharuch
anand,kheda
anantapur,chitradurga
anantapur,y.s.r. kadapa
anantapur,chikkaballapura
anantapur,ballari
anantapur,tumakuru
anantapur,kurnool
anantapur,chittoor
anantnag,ramban
anantnag,kishtwar
anantnag,kargil
anantnag,ganderbal
anantnag,srinagar
anantnag,kulgam
anantnag,pulwama
anantnag,doda
anantnag,shopiyan
angul,boudh
angul,sundargarh
angul,deogarh
angul,cuttack
angul,nayagarh
angul,kendujhar
angul,dhenkanal
angul,subarnapur
angul,sambalpur
anjaw,lohit
anjaw,changlang
anuppur,dindori
anuppur,shahdol
anuppur,umaria
araria,kishanganj
araria,purnia
araria,madhepura
araria,supaul
aravalli,dungarpur
aravalli,udaipur
aravalli,gandhinagar
aravalli,mahisagar
aravalli,kheda
aravalli,sabarkantha
ariyalur,cuddalore
ariyalur,perambalur
ariyalur,tiruchirappalli
ariyalur,thanjavur
arwal,rohtas
arwal,jehanabad
arwal,patna
arwal,gaya
arwal,bhojpur
arwal,aurangabad
ashoknagar,vidisha
ashoknagar,guna
ashoknagar,shivpuri
ashoknagar,sagar
ashoknagar,lalitpur
auraiya,kanpur dehat
auraiya,etawah
auraiya,kannauj
auraiya,jalaun
aurangabad,ahmednagar
aurangabad,rohtas
aurangabad,jalgaon
aurangabad,beed
aurangabad,gaya
aurangabad,palamu
aurangabad,jalna
aurangabad,nashik
ayodhya,basti
ayodhya,barabanki
ayodhya,sultanpur
ayodhya,gonda
azamgarh,gorakhpur
azamgarh,ghazipur
azamgarh,sultanpur
azamgarh,jaunpur
azamgarh,mau
bagalkote,raichur
bagalkote,gadag
bagalkote,belagavi
bagalkote,koppal
bageshwar,jhargram
bageshwar,purba medinipur
bageshwar,paschim medinipur
bageshwar,chamoli
bageshwar,pithoragarh
baghpat,meerut
baghpat,new delhi
baghpat,ghaziabad
baghpat,shamli
baghpat,muzaffarnagar
bahraich,gonda
bahraich,barabanki
bahraich,sitapur
bahraich,shrawasti
balaghat,seoni
balaghat,mandla
balangir,nuapada
balangir,subarnapur
balangir,boudh
balangir,kandhamal
balangir,kalahandi
balangir,bargarh
ballari,chitradurga
ballari,davanagere
ballari,gadag
ballari,raichur
ballari,koppal
ballari,haveri
ballia,mau
ballia,ghazipur
ballia,deoria
balod,durg
balod,dhamtari
balod,rajnandgaon
balod,uttar bastar kanker
baloda bazar,mungeli
baloda bazar,raipur
baloda bazar,janjgir champa
baloda bazar,raigarh
baloda bazar,bilaspur
baloda bazar,bametara
baloda bazar,mahasamund
balrampur,gonda
balrampur,shrawasti
balrampur,siddharthnagar
balrampur,gumla
balrampur,surajpur
balrampur,jashpur
balrampur,garhwa
balrampur,singrauli
balrampur,latehar
balrampur,surguja
balrampur,sonbhadra
bametara,durg
bametara,rajnandgaon
bametara,raipur
bametara,kabeerdham
bametara,mungeli
banaskantha,patan
banaskantha,sabarkantha
banaskantha,sirohi
banaskantha,mehsana
banaskantha,kutch
banaskantha,jalore
banda,fatehpur
banda,chitrakoot
banda,mahoba
bandipora,ganderbal
bandipora,srinagar
bandipora,kargil
bandipora,kupwara
bandipora,baramulla
banka,dumka
banka,godda
banka,jamui
banka,munger
banka,bhagalpur
banka,deoghar
bankura,jhargram
bankura,purba bardhaman
bankura,paschim medinipur
bankura,paschim bardhaman
bankura,hooghly
bankura,purulia
banswara,dungarpur
banswara,pratapgarh
barabanki,sitapur
barabanki,lucknow
barabanki,gonda
barabanki,rae bareli
baramulla,srinagar
baramulla,budgam
baramulla,kupwara
baramulla,punch
baran,jhalawar
baran,kota
bareilly,udham singh nagar
bareilly,pilibhit
bareilly,shahjahanpur
bareilly,rampur
bareilly,budaun
bargarh,sambalpur
bargarh,jharsuguda
bargarh,nuapada
bargarh,subarnapur
barmer,pali
barmer,jalore
barmer,jodhpur
barmer,jaisalmer
barnala,mansa
barnala,bathinda
barnala,sangrur
barnala,ludhiana
barnala,moga
barwani,dhar
barwani,khargone
bastar,koraput
bastar,malkangiri
bastar,kondagaon
bastar,sukma
bastar,nabarangapur
bastar,dakshin bastar dantewada
basti,siddharthnagar
basti,sant kabir nagar
basti,gonda
bathinda,mansa
bathinda,sri muktsar sahib
bathinda,faridkot
bathinda,moga
beed,osmanabad
beed,latur
beed,jalna
begusarai,patna
begusarai,samastipur
begusarai,khagaria
begusarai,munger
begusarai,lakhisarai
belagavi,kolhapur
belagavi,sindhudurg
belagavi,uttara kannada
belagavi,gadag
belagavi,dharwad
belagavi,sangli
belagavi,north goa
bengaluru rural,ramanagara
bengaluru rural,kolar
bengaluru rural,bengaluru urban
bengaluru rural,krishnagiri
bengaluru rural,tumakuru
bengaluru rural,chikkaballapura
bengaluru urban,krishnagiri
bengaluru urban,ramanagara
betul,harda
betul,hoshangabad
betul,khandwa
betul,chhindwara
bhadohi,mirzapur
bhadohi,prayagraj
bhadohi,jaunpur
bhadohi,varanasi
bhadrak,bageshwar
bhadrak,kendrapara
bhadrak,kendujhar
bhadrak,jajpur
bhagalpur,munger
bhagalpur,khagaria
bhagalpur,madhepura
bhagalpur,purnia
bhagalpur,sahibganj
bhagalpur,godda
bhagalpur,katihar
bhandara,balaghat
bhandara,gondia
bhandara,chandrapur
bhandara,nagpur
bhandara,gadchiroli
bharatpur,dausa
bharatpur,karauli
bharatpur,agra
bharatpur,dholpur
bharatpur,mathura
bharuch,surat
bharuch,vadodara
bharuch,narmada
bhavnagar,botad
bhilwara,rajsamand
bhilwara,bundi
bhilwara,tonk
bhilwara,chittorgarh
bhind,jhansi
bhind,etawah
bhind,jalaun
bhind,gwalior
bhind,datia
bhind,agra
bhind,morena
bhiwani,charkhi dadri
bhiwani,churu
bhiwani,jhunjhunu
bhiwani,rohtak
bhiwani,mahendragarh
bhiwani,hanumangarh
bhiwani,hisar
bhojpur,rohtas
bhojpur,patna
bhojpur,ballia
bhojpur,buxar
bhojpur,saran
bhopal,guna
bhopal,sehore
bhopal,rajgarh
bhopal,vidisha
bhopal,raisen
bidar,sangareddy
bidar,kamareddy
bidar,kalaburagi
bidar,osmanabad
bidar,nanded
bidar,latur
bijapur,raichur
bijapur,solapur
bijapur,yadadri bhuvanagiri
bijapur,bhadradri kothagudem
bijapur,gadchiroli
bijapur,sukma
bijapur,dakshin bastar dantewada
bijapur,narayanpur
bijapur,mulugu
bijapur,bagalkote
bijapur,kalaburagi
bijapur,sangli
bijapur,belagavi
bijapur,jayashankar bhupalapally
bijnor,nainital
bijnor,muzaffarnagar
bijnor,moradabad
bijnor,meerut
bijnor,udham singh nagar
bijnor,pauri garhwal
bijnor,haridwar
bikaner,ganganagar
bikaner,jaisalmer
bikaner,churu
bikaner,jodhpur
bikaner,nagaur
bikaner,hanumangarh
bilaspur,rupnagar
bilaspur,koriya
bilaspur,janjgir champa
bilaspur,mungeli
bilaspur,korba
bilaspur,anuppur
bilaspur,hamirpur
bilaspur,una
bilaspur,solan
bilaspur,mandi
birbhum,paschim bardhaman
birbhum,purba bardhaman
birbhum,murshidabad
bokaro,purulia
bokaro,hazaribagh
bokaro,ramgarh
bokaro,giridih
bokaro,dhanbad
botad,rajkot
botad,surendranagar
boudh,kandhamal
boudh,nayagarh
boudh,subarnapur
budaun,kasganj
budaun,sambhal
budaun,farrukhabad
budaun,moradabad
budaun,shahjahanpur
budaun,rampur
budgam,srinagar
budgam,punch
budgam,kulgam
budgam,pulwama
budgam,shopiyan
bulandshahr,gautam buddha nagar
bulandshahr,hapur
bulandshahr,sambhal
buldhana,burhanpur
buldhana,jalna
buldhana,washim
buldhana,jalgaon
bundi,chittorgarh
bundi,tonk
bundi,sawai madhopur
bundi,kota
burhanpur,khandwa
burhanpur,khargone
buxar,rohtas
buxar,ballia
buxar,kaimur
buxar,ghazipur
chamarajanagara,mysuru
chamarajanagara,dharmapuri
chamarajanagara,mandya
chamarajanagara,nilgiris
chamarajanagara,wayanad
chamarajanagara,ramanagara
chamarajanagara,erode
chamarajanagara,krishnagiri
chamarajanagara,salem
chamba,kangra
chamba,kishtwar
chamba,pathankot
chamba,doda
chamba,kathua
chamba,lahaul and spiti
chamoli,pithoragarh
chamoli,rudraprayag
chamoli,uttarkashi
chamoli,pauri garhwal
champawat,nainital
champawat,pithoragarh
champawat,udham singh nagar
champhai,serchhip
champhai,pherzawl
chandauli,sonbhadra
chandauli,mirzapur
chandauli,varanasi
chandauli,ghazipur
chandigarh,panchkula
chandigarh,s.a.s. nagar
chandrapur,komaram bheem
chandrapur,wardha
chandrapur,adilabad
chandrapur,nagpur
chandrapur,gadchiroli
chandrapur,yavatmal
changlang,tirap
changlang,namsai
changlang,lohit
changlang,tinsukia
charkhi dadri,jhajjar
charkhi dadri,rohtak
charkhi dadri,mahendragarh
chatra,hazaribagh
chatra,ranchi
chatra,latehar
chatra,palamu
chennai,kancheepuram
chennai,thiruvallur
chhatarpur,mahoba
chhatarpur,panna
chhatarpur,banda
chhatarpur,sagar
chhatarpur,damoh
chhatarpur,jhansi
chhatarpur,tikamgarh
chhatarpur,lalitpur
chhindwara,narsinghpur
chhindwara,hoshangabad
chhindwara,seoni
chhota udaipur,dahod
chhota udaipur,vadodara
chhota udaipur,panchmahal
chhota udaipur,narmada
chhota udaipur,alirajpur
chhota udaipur,nandurbar
chikkaballapura,kolar
chikkaballapura,tumakuru
chikkamagaluru,shivamogga
chikkamagaluru,tumakuru
chikkamagaluru,davanagere
chikkamagaluru,dakshina kannada
chikkamagaluru,hassan
chikkamagaluru,udupi
chikkamagaluru,chitradurga
chitradurga,tumakuru
chitradurga,davanagere
chitrakoot,kaushambi
chitrakoot,fatehpur
chitrakoot,prayagraj
chittoor,y.s.r. kadapa
chittoor,krishnagiri
chittoor,kolar
chittoor,s.p.s. nellore
chittoor,vellore
chittoor,chikkaballapura
chittoor,thiruvallur
chittorgarh,pratapgarh
chittorgarh,udaipur
chittorgarh,kota
chittorgarh,rajsamand
churachandpur,chandel
churachandpur,kakching
churachandpur,noney
churachandpur,pherzawl
churachandpur,bishnupur
churu,hanumangarh
churu,sikar
churu,nagaur
churu,jhunjhunu
coimbatore,tiruppur
coimbatore,erode
coimbatore,nilgiris
cooch behar,dhubri
cooch behar,jalpaiguri
cooch behar,kokrajhar
cuddalore,perambalur
cuddalore,viluppuram
cuddalore,thanjavur
cuddalore,nagapattinam
cuddalore,kallakurichi
cuttack,jajpur
cuttack,jagatsinghpur
cuttack,nayagarh
cuttack,dhenkanal
cuttack,khordha
cuttack,puri
cuttack,kendrapara
dadra and nagar haveli,valsad
dadra and nagar haveli,palghar
dahod,mahisagar
dahod,panchmahal
dahod,alirajpur
dahod,banswara
dahod,jhabua
dakshin bastar dantewada,sukma
dakshin bastar dantewada,kondagaon
dakshin bastar dantewada,narayanpur
dakshin dinajpur,uttar dinajpur
dakshin dinajpur,malda
dakshina kannada,hassan
dakshina kannada,udupi
dakshina kannada,kasaragod
dakshina kannada,kodagu
daman,valsad
damoh,jabalpur
damoh,narsinghpur
damoh,sagar
damoh,katni
damoh,panna
dang,nashik
dang,tapi
dang,dhule
dang,navsari
darbhanga,madhubani
darbhanga,saharsa
darbhanga,sitamarhi
darbhanga,muzaffarpur
darbhanga,samastipur
darjeeling,jalpaiguri
darjeeling,uttar dinajpur
darjeeling,west sikkim
darjeeling,south sikkim
darjeeling,kalimpong
datia,gwalior
datia,lalitpur
datia,jhansi
datia,shivpuri
dausa,karauli
dausa,sawai madhopur
dausa,jaipur
dausa,tonk
davanagere,haveri
davanagere,shivamogga
dehradun,uttarkashi
dehradun,tehri garhwal
dehradun,haridwar
dehradun,pauri garhwal
deogarh,sambalpur
deogarh,sundargarh
deoghar,giridih
deoghar,dumka
deoghar,jamtara
deoria,kushinagar
deoria,mau
deoria,gorakhpur
devbhumi dwarka,jamnagar
devbhumi dwarka,porbandar
dewas,ujjain
dewas,sehore
dewas,shajapur
dewas,khandwa
dewas,harda
dewas,khargone
dewas,indore
dhalai,gomati
dhalai,khowai
dhalai,unokoti
dhalai,north tripura
dhamtari,kondagaon
dhamtari,uttar bastar kanker
dhamtari,raipur
dhamtari,gariaband
dhamtari,durg
dhamtari,nabarangapur
dhanbad,purulia
dhanbad,paschim bardhaman
dhanbad,jamtara
dhanbad,giridih
dhar,khargone
dhar,ratlam
dhar,jhabua
dhar,indore
dhar,ujjain
dharmapuri,erode
dharmapuri,kallakurichi
dharmapuri,tiruvannamalai
dharmapuri,salem
dharmapuri,krishnagiri
dharwad,uttara kannada
dharwad,haveri
dharwad,gadag
dhenkanal,jajpur
dhenkanal,kendujhar
dholpur,karauli
dholpur,agra
dhule,nandurbar
dhule,jalgaon
dhule,barwani
dhule,nashik
dibrugarh,majuli
dibrugarh,lakhimpur
dibrugarh,charaideo
dibrugarh,sivasagar
dibrugarh,tinsukia
dibrugarh,dhemaji
dimapur,golaghat
dimapur,peren
dimapur,kohima
dimapur,karbi anglong
dindigul,tiruppur
dindigul,tiruchirappalli
dindigul,karur
dindigul,madurai
dindigul,theni
dindori,mandla
dindori,jabalpur
dindori,umaria
diu,gir somnath
doda,ramban
doda,kathua
doda,udhampur
doda,kishtwar
dumka,pakur
dumka,godda
dumka,birbhum
dumka,jamtara
dungarpur,pratapgarh
dungarpur,udaipur
durg,raipur
durg,rajnandgaon
east champaran,sitamarhi
east champaran,gopalganj
east champaran,muzaffarpur
east champaran,sheohar
east champaran,west champaran
east garo hills,west garo hills
east garo hills,south garo hills
east garo hills,west khasi hills
east garo hills,north garo hills
east godavari,sukma
east godavari,visakhapatnam
east godavari,bhadradri kothagudem
east godavari,malkangiri
east godavari,west godavari
east jaintia hills,cachar
east jaintia hills,west jaintia hills
east jaintia hills,dima hasao
east kameng,kurung kumey
east kameng,pakke kessang
east kameng,west kameng
east kameng,papum pare
east kameng,tawang
east khasi hills,ribhoi
east khasi hills,south west khasi hills
east khasi hills,west jaintia hills
east khasi hills,west khasi hills
east siang,lower dibang valley
east siang,dhemaji
east siang,siang
east siang,tinsukia
east siang,lower siang
east siang,upper siang
east singhbhum,purulia
east singhbhum,mayurbhanj
east singhbhum,jhargram
east singhbhum,saraikela-kharsawan
ernakulam,thrissur
ernakulam,idukki
ernakulam,coimbatore
ernakulam,kottayam
erode,namakkal
erode,tiruppur
erode,nilgiris
erode,salem
erode,karur
etah,farrukhabad
etah,hathras
etah,firozabad
etah,kasganj
etah,mainpuri
etawah,mainpuri
etawah,firozabad
etawah,jalaun
etawah,kannauj
faridabad,palwal
faridabad,gurugram
faridabad,new delhi
faridabad,gautam buddha nagar
faridkot,moga
faridkot,sri muktsar sahib
faridkot,ferozepur
farrukhabad,mainpuri
farrukhabad,kasganj
farrukhabad,shahjahanpur
farrukhabad,kannauj
farrukhabad,hardoi
fatehabad,mansa
fatehabad,hisar
fatehabad,hanumangarh
fatehabad,sirsa
fatehabad,sangrur
fatehabad,jind
fatehgarh sahib,patiala
fatehgarh sahib,rupnagar
fatehgarh sahib,s.a.s. nagar
fatehgarh sahib,ludhiana
fatehgarh sahib,sangrur
fatehpur,unnao
fatehpur,kanpur nagar
fatehpur,rae bareli
fatehpur,kaushambi
fazilka,sri muktsar sahib
fazilka,ferozepur
fazilka,ganganagar
fazilka,hanumangarh
ferozepur,kapurthala
ferozepur,sri muktsar sahib
ferozepur,moga
ferozepur,tarn taran
ferozepur,jalandhar
firozabad,mainpuri
gadag,koppal
gadag,haveri
gadchiroli,gondia
gadchiroli,komaram bheem
gadchiroli,mancherial
gadchiroli,jayashankar bhupalapally
gajapati,ganjam
gajapati,kandhamal
gajapati,rayagada
ganderbal,srinagar
ganderbal,kargil
gandhinagar,kheda
gandhinagar,mehsana
gandhinagar,sabarkantha
ganganagar,hanumangarh
ganjam,nayagarh
ganjam,kandhamal
ganjam,puri
ganjam,khordha
garhwa,latehar
garhwa,palamu
garhwa,sonbhadra
gariaband,raipur
gariaband,nabarangapur
gariaband,kalahandi
gariaband,nuapada
gariaband,mahasamund
gautam buddha nagar,ghaziabad
gautam buddha nagar,hapur
gautam buddha nagar,new delhi
gaya,chatra
gaya,koderma
gaya,palamu
gaya,nawada
gaya,hazaribagh
gaya,nalanda
gaya,jehanabad
ghaziabad,new delhi
ghaziabad,meerut
ghaziabad,hapur
ghazipur,mau
ghazipur,jaunpur
ghazipur,varanasi
gir somnath,junagadh
giridih,hazaribagh
giridih,koderma
giridih,jamtara
godda,sahibganj
godda,pakur
gomati,sipahijala
gomati,south tripura
gomati,khowai
gonda,siddharthnagar
gonda,shrawasti
gondia,balaghat
gopalganj,siwan
gopalganj,kushinagar
gopalganj,deoria
gopalganj,west champaran
gopalganj,saran
gopalganj,muzaffarpur
gorakhpur,kushinagar
gorakhpur,mau
gorakhpur,siddharthnagar
gorakhpur,sant kabir nagar
gorakhpur,maharajganj
gumla,latehar
gumla,ranchi
gumla,khunti
gumla,lohardaga
gumla,simdega
guna,jhalawar
guna,baran
guna,shivpuri
guna,vidisha
guna,rajgarh
guntur,suryapet
guntur,krishna
guntur,prakasam
guntur,nalgonda
guntur,nagarkurnool
gurdaspur,kapurthala
gurdaspur,hoshiarpur
gurdaspur,pathankot
gurugram,nuh
gurugram,rewari
gurugram,new delhi
gurugram,palwal
gurugram,jhajjar
gwalior,morena
gwalior,shivpuri
hamirpur,una
hamirpur,kangra
hamirpur,fatehpur
hamirpur,banda
hamirpur,jalaun
hamirpur,jhansi
hamirpur,kanpur dehat
hamirpur,mahoba
hamirpur,kanpur nagar
hamirpur,mandi
hapur,meerut
harda,hoshangabad
harda,sehore
harda,khandwa
hardoi,kannauj
hardoi,shahjahanpur
hardoi,unnao
hardoi,kanpur nagar
hardoi,lucknow
hardoi,sitapur
haridwar,pauri garhwal
hassan,kodagu
hassan,mandya
hassan,mysuru
hassan,tumakuru
hathras,mathura
hathras,kasganj
haveri,shivamogga
haveri,uttara kannada
hazaribagh,ramgarh
hazaribagh,ranchi
hazaribagh,koderma
hingoli,nanded
hingoli,washim
hingoli,yavatmal
hisar,rohtak
hisar,jind
hisar,hanumangarh
hooghly,howrah
hooghly,nadia
hooghly,north 24 parganas
hooghly,purba bardhaman
hooghly,paschim medinipur
hoshangabad,narsinghpur
hoshangabad,sehore
hoshangabad,raisen
hoshiarpur,shahid bhagat singh nagar
hoshiarpur,rupnagar
hoshiarpur,kapurthala
hoshiarpur,jalandhar
howrah,purba medinipur
howrah,south 24 parganas
howrah,north 24 parganas
howrah,paschim medinipur
howrah,kolkata
idukki,virudhunagar
idukki,kottayam
idukki,tirunelveli
idukki,coimbatore
idukki,theni
idukki,dindigul
idukki,tiruppur
indore,khargone
indore,ujjain
jabalpur,umaria
jabalpur,narsinghpur
jabalpur,seoni
jabalpur,mandla
jabalpur,katni
jagatsinghpur,kendrapara
jagatsinghpur,puri
jaipur,tonk
jaipur,sikar
jaipur,nagaur
jaisalmer,jodhpur
jajpur,kendrapara
jajpur,kendujhar
jalandhar,kapurthala
jalandhar,moga
jalandhar,ludhiana
jalandhar,shahid bhagat singh nagar
jalaun,jhansi
jalaun,kanpur dehat
jalgaon,khargone
jalgaon,burhanpur
jalgaon,jalna
jalgaon,barwani
jalgaon,nashik
jalore,pali
jalore,sirohi
jalpaiguri,kalimpong
jammu,udhampur
jammu,samba
jammu,reasi
jammu,rajouri
jamnagar,porbandar
jamnagar,rajkot
jamnagar,morbi
jamtara,birbhum
jamtara,paschim bardhaman
jamui,sheikhpura
jamui,munger
jamui,deoghar
jamui,nawada
jamui,giridih
jamui,lakhisarai
janjgir champa,raigarh
janjgir champa,korba
jashpur,gumla
jashpur,simdega
jashpur,surguja
jashpur,sundargarh
jashpur,raigarh
jaunpur,prayagraj
jaunpur,varanasi
jaunpur,sultanpur
jehanabad,nalanda
jehanabad,patna
jhabua,ratlam
jhabua,banswara
jhajjar,rohtak
jhajjar,mahendragarh
jhajjar,sonipat
jhajjar,new delhi
jhajjar,rewari
jhalawar,kota
jhansi,mahoba
jhansi,lalitpur
jhargram,purulia
jhargram,paschim medinipur
jharsuguda,sambalpur
jharsuguda,sundargarh
jhunjhunu,sikar
jind,kaithal
jind,rohtak
jind,panipat
jind,patiala
jind,sangrur
jind,sonipat
jind,karnal
jodhpur,nagaur
jodhpur,pali
junagadh,rajkot
junagadh,porbandar
kabeerdham,rajnandgaon
kabeerdham,mandla
kabeerdham,dindori
kabeerdham,mungeli
kabeerdham,balaghat
kaimur,rohtas
kaimur,chandauli
kaimur,ghazipur
kaimur,sonbhadra
kaithal,patiala
kaithal,karnal
kaithal,kurukshetra
kalaburagi,vikarabad
kalaburagi,osmanabad
kalaburagi,narayanpet
kalaburagi,yadadri bhuvanagiri
kalaburagi,solapur
kalaburagi,sangareddy
kalahandi,nuapada
kalahandi,koraput
kalahandi,rayagada
kalahandi,nabarangapur
kalahandi,kandhamal
kalimpong,south sikkim
kalimpong,east sikkim
kallakurichi,perambalur
kallakurichi,tiruvannamalai
kallakurichi,viluppuram
kallakurichi,salem
kamle,lower siang
kamle,kra daadi
kamle,dhemaji
kamle,papum pare
kamle,lower subansiri
kamle,lakhimpur
kamle,upper subansiri
kancheepuram,thiruvallur
kancheepuram,viluppuram
kancheepuram,vellore
kancheepuram,tiruvannamalai
kandhamal,nayagarh
kandhamal,rayagada
kangra,hoshiarpur
kangra,lahaul and spiti
kangra,una
kangra,pathankot
kangra,kullu
kangra,mandi
kangra,gurdaspur
kannauj,mainpuri
kannauj,kanpur dehat
kannauj,kanpur nagar
kannur,wayanad
kannur,kozhikode
kannur,mahe
kannur,kasaragod
kanpur dehat,kanpur nagar
kanpur nagar,unnao
kanyakumari,tirunelveli
kapurthala,shahid bhagat singh nagar
kapurthala,tarn taran
karaikal,thiruvarur
karaikal,nagapattinam
karauli,sawai madhopur
kargil,leh
karnal,panipat
karnal,shamli
karnal,saharanpur
karnal,yamunanagar
karnal,kurukshetra
karur,tiruchirappalli
karur,tiruppur
karur,namakkal
kathua,udhampur
kathua,pathankot
kathua,samba
katihar,sahibganj
katihar,purnia
katihar,uttar dinajpur
katihar,malda
katni,umaria
katni,panna
katni,satna
kaushambi,prayagraj
kaushambi,rae bareli
kendujhar,mayurbhanj
kendujhar,bageshwar
kendujhar,sundargarh
khagaria,madhepura
khagaria,saharsa
khagaria,samastipur
khagaria,munger
khandwa,khargone
kheda,vadodara
kheda,mahisagar
kheda,panchmahal
khordha,nayagarh
khordha,puri
khowai,west tripura
khowai,sipahijala
khunti,west singhbhum
khunti,saraikela-kharsawan
khunti,simdega
khunti,ranchi
kinnaur,lahaul and spiti
kinnaur,uttarkashi
kinnaur,shimla
kinnaur,kullu
kiphire,zunheboto
kiphire,tuensang
kiphire,phek
kishanganj,uttar dinajpur
kishanganj,darjeeling
kishanganj,purnia
kishtwar,kargil
kodagu,kannur
kodagu,wayanad
kodagu,mysuru
kodagu,kasaragod
kohima,senapati
kohima,phek
kohima,zunheboto
kohima,peren
kohima,wokha
kohima,golaghat
kolar,krishnagiri
kolasib,hailakandi
kolasib,mamit
kolasib,cachar
kolhapur,sangli
kolhapur,ratnagiri
kolhapur,sindhudurg
kolkata,south 24 parganas
kolkata,north 24 parganas
kollam,thiruvananthapuram
kollam,tirunelveli
kondagaon,narayanpur
kondagaon,nabarangapur
kondagaon,uttar bastar kanker
koppal,raichur
koraput,malkangiri
koraput,nabarangapur
koraput,rayagada
korba,surajpur
korba,raigarh
korba,koriya
korba,surguja
koriya,sidhi
koriya,surajpur
koriya,singrauli
koriya,anuppur
koriya,shahdol
kota,sawai madhopur
kozhikode,mahe
kozhikode,malappuram
kozhikode,wayanad
kra daadi,kurung kumey
kra daadi,papum pare
kra daadi,upper subansiri
kra daadi,lower subansiri
krishna,west godavari
krishna,suryapet
krishna,khammam
krishnagiri,vellore
krishnagiri,tiruvannamalai
kulgam,punch
kulgam,ramban
kulgam,shopiyan
kulgam,reasi
kulgam,rajouri
kullu,shimla
kullu,mandi
kullu,lahaul and spiti
kurnool,ballari
kurnool,prakasam
kurnool,nagarkurnool
kurnool,raichur
kurnool,wanaparthy
kurnool,y.s.r. kadapa
kurnool,jogulamba gadwal
kurukshetra,yamunanagar
kurukshetra,patiala
kurung kumey,upper subansiri
kurung kumey,papum pare
kushinagar,maharajganj
kutch,barmer
kutch,patan
kutch,morbi
kutch,jalore
kutch,surendranagar
lahaul and spiti,kargil
lahaul and spiti,kishtwar
lahaul and spiti,leh
lakhisarai,nalanda
lakhisarai,sheikhpura
lakhisarai,munger
lakhisarai,patna
latehar,ranchi
latehar,lohardaga
latehar,palamu
latur,nanded
latur,osmanabad
lawngtlai,saiha
lawngtlai,lunglei
lepa rada,west siang
lepa rada,upper subansiri
lepa rada,lower siang
lohardaga,ranchi
lohit,namsai
lohit,lower dibang valley
lohit,tinsukia
longding,charaideo
longding,tirap
longding,dibrugarh
longding,mon
longleng,tuensang
longleng,sivasagar
longleng,mon
longleng,mokokchung
lower dibang valley,tinsukia
lower dibang valley,upper siang
lower dibang valley,upper dibang valley
lower dibang valley,dhemaji
lower siang,west siang
lower siang,siang
lower siang,upper subansiri
lower siang,dhemaji
lower subansiri,papum pare
lucknow,unnao
lucknow,rae bareli
lucknow,sitapur
ludhiana,rupnagar
ludhiana,sangrur
ludhiana,moga
ludhiana,shahid bhagat singh nagar
lunglei,serchhip
lunglei,mamit
madhepura,supaul
madhepura,purnia
madhepura,saharsa
madhubani,supaul
madhubani,sitamarhi
madhubani,saharsa
madurai,tiruchirappalli
madurai,virudhunagar
madurai,sivaganga
madurai,theni
maharajganj,siddharthnagar
mahasamund,raigarh
mahasamund,bargarh
mahasamund,nuapada
mahasamund,raipur
mahendragarh,alwar
mahendragarh,jaipur
mahendragarh,rewari
mahendragarh,sikar
mahendragarh,jhunjhunu
mahisagar,dungarpur
mahisagar,panchmahal
mahisagar,banswara
malappuram,nilgiris
malappuram,wayanad
malappuram,thrissur
malappuram,palghar
malda,uttar dinajpur
malda,murshidabad
mamit,north tripura
mamit,karimganj
mamit,hailakandi
mandi,shimla
mandi,solan
mandla,seoni
mandsaur,pratapgarh
mandsaur,chittorgarh
mandsaur,ratlam
mandsaur,neemuch
mandsaur,kota
mandsaur,jhalawar
mandya,mysuru
mandya,ramanagara
mandya,tumakuru
mansa,sangrur
mayurbhanj,bageshwar
mayurbhanj,jhargram
meerut,muzaffarnagar
mehsana,sabarkantha
mehsana,surendranagar
mehsana,patan
mirzapur,prayagraj
mirzapur,sonbhadra
mirzapur,varanasi
mokokchung,zunheboto
mokokchung,jorhat
mokokchung,tuensang
mokokchung,sivasagar
mokokchung,wokha
mon,tuensang
mon,sivasagar
mon,charaideo
moradabad,udham singh nagar
moradabad,rampur
moradabad,sambhal
morbi,surendranagar
morbi,rajkot
morena,agra
morena,karauli
morena,sheopur
morena,dholpur
morena,shivpuri
mumbai,thane
mungeli,dindori
mungeli,anuppur
murshidabad,purba bardhaman
murshidabad,nadia
muzaffarnagar,saharanpur
muzaffarnagar,shamli
muzaffarnagar,haridwar
muzaffarpur,sheohar
muzaffarpur,samastipur
muzaffarpur,vaishali
muzaffarpur,saran
muzaffarpur,sitamarhi
mysuru,wayanad
nadia,purba bardhaman
nadia,north 24 parganas
nagapattinam,thiruvarur
nagapattinam,thanjavur
nagaur,sikar
nagaur,pali
nagpur,balaghat
nagpur,seoni
nagpur,wardha
nagpur,chhindwara
nainital,udham singh nagar
nainital,pauri garhwal
nalanda,patna
nalanda,nawada
nalanda,sheikhpura
namakkal,salem
namakkal,tiruchirappalli
namsai,tinsukia
nanded,nizamabad
nanded,kamareddy
nanded,yavatmal
nanded,nirmal
nanded,adilabad
nandurbar,barwani
nandurbar,alirajpur
narayanpur,gadchiroli
narayanpur,uttar bastar kanker
narmada,vadodara
narmada,nandurbar
narmada,tapi
narmada,surat
narsinghpur,seoni
narsinghpur,sagar
narsinghpur,raisen
nashik,thane
nashik,palghar
navsari,surat
navsari,tapi
navsari,valsad
navsari,nashik
nawada,koderma
nawada,giridih
nawada,sheikhpura
neemuch,chittorgarh
neemuch,bhilwara
neemuch,pratapgarh
north 24 parganas,south 24 parganas
north garo hills,goalpara
north garo hills,west garo hills
north garo hills,south salmara mankachar
north garo hills,kamrup
north garo hills,west khasi hills
north tripura,unokoti
north tripura,karimganj
nuh,rewari
nuh,alwar
nuh,mathura
nuh,palwal
nuh,bharatpur
osmanabad,solapur
pakke kessang,west kameng
pakke kessang,sonitpur
pakke kessang,biswanath
pakke kessang,papum pare
pakur,murshidabad
pakur,sahibganj
pakur,birbhum
palghar,coimbatore
palghar,thane
palghar,nilgiris
pali,rajsamand
pali,udaipur
pali,sirohi
palwal,aligarh
palwal,mathura
palwal,gautam buddha nagar
panchkula,s.a.s. nagar
panchmahal,vadodara
panipat,shamli
panipat,baghpat
panipat,sonipat
panna,banda
panna,satna
papum pare,lakhimpur
papum pare,biswanath
parbhani,nanded
parbhani,buldhana
parbhani,latur
parbhani,jalna
parbhani,hingoli
parbhani,beed
parbhani,washim
paschim bardhaman,purba bardhaman
paschim bardhaman,purulia
paschim medinipur,purba medinipur
patan,surendranagar
patiala,s.a.s. nagar
patiala,sangrur
patna,saran
patna,vaishali
patna,samastipur
pauri garhwal,rudraprayag
pauri garhwal,tehri garhwal
perambalur,tiruchirappalli
perambalur,salem
peren,tamenglong
peren,karbi anglong
peren,senapati
peren,dima hasao
phek,senapati
phek,ukhrul
phek,zunheboto
pilibhit,udham singh nagar
pilibhit,shahjahanpur
porbandar,rajkot
prakasam,nagarkurnool
prakasam,y.s.r. kadapa
prakasam,s.p.s. nellore
pratapgarh,amethi
pratapgarh,jaunpur
pratapgarh,udaipur
pratapgarh,fatehpur
pratapgarh,sultanpur
pratapgarh,kaushambi
pratapgarh,rae bareli
pratapgarh,prayagraj
puducherry,cuddalore
puducherry,viluppuram
pudukkottai,sivaganga
pudukkottai,thanjavur
pudukkottai,ramanathapuram
pudukkottai,tiruchirappalli
pulwama,shopiyan
pulwama,srinagar
punch,reasi
punch,rajouri
pune,raigad
pune,satara
pune,solapur
pune,thane
purba medinipur,south 24 parganas
purnia,uttar dinajpur
rae bareli,unnao
raichur,narayanpet
raichur,yadadri bhuvanagiri
raichur,jogulamba gadwal
raigad,satara
raigad,ratnagiri
raigad,thane
raigarh,jharsuguda
raigarh,bargarh
raigarh,sundargarh
raigarh,surguja
raisen,sagar
raisen,sehore
raisen,vidisha
rajgarh,jhalawar
rajgarh,sehore
rajgarh,shajapur
rajkot,surendranagar
rajnandgaon,gondia
rajnandgaon,gadchiroli
rajnandgaon,uttar bastar kanker
rajnandgaon,balaghat
rajouri,reasi
rajsamand,udaipur
ramanagara,krishnagiri
ramanagara,tumakuru
ramanathapuram,thoothukkudi
ramanathapuram,virudhunagar
ramanathapuram,sivaganga
ramban,udhampur
ramban,reasi
ramgarh,ranchi
ramgarh,purulia
rampur,udham singh nagar
ranchi,saraikela-kharsawan
ranchi,purulia
ratlam,ujjain
ratlam,pratapgarh
ratlam,jhalawar
ratlam,banswara
ratnagiri,sindhudurg
ratnagiri,satara
ratnagiri,sangli
reasi,udhampur
rewa,singrauli
rewa,chitrakoot
rewa,mirzapur
rewa,prayagraj
rewa,sidhi
rewa,satna
rewari,alwar
ribhoi,west khasi hills
ribhoi,west jaintia hills
ribhoi,west karbi anglong
ribhoi,kamrup metropolitan
ribhoi,morigaon
ribhoi,kamrup
rohtak,sonipat
rohtas,sonbhadra
rohtas,palamu
rohtas,garhwa
rudraprayag,tehri garhwal
rudraprayag,uttarkashi
rupnagar,shahid bhagat singh nagar
rupnagar,s.a.s. nagar
s.p.s. nellore,y.s.r. kadapa
s.p.s. nellore,thiruvallur
sabarkantha,sirohi
sabarkantha,udaipur
sagar,vidisha
sagar,lalitpur
saharanpur,dehradun
saharanpur,shamli
saharanpur,haridwar
saharsa,supaul
saharsa,samastipur
sahibganj,malda
sahibganj,murshidabad
salem,tiruchirappalli
samastipur,vaishali
samba,udhampur
sambalpur,subarnapur
sambalpur,sundargarh
sangli,satara
sangli,solapur
sant kabir nagar,siddharthnagar
saraikela-kharsawan,purulia
saraikela-kharsawan,west singhbhum
saraikela-kharsawan,mayurbhanj
saran,ballia
saran,siwan
saran,vaishali
satara,solapur
satna,shahdol
satna,banda
satna,chitrakoot
satna,sidhi
satna,umaria
sawai madhopur,tonk
sehore,shajapur
shahdol,umaria
shahdol,sidhi
shajapur,ujjain
sheohar,sitamarhi
sheopur,shivpuri
sheopur,kota
sheopur,baran
sheopur,sawai madhopur
sheopur,karauli
shi yomi,upper subansiri
shi yomi,upper siang
shi yomi,siang
shi yomi,west siang
shimla,dehradun
shimla,solan
shimla,uttarkashi
shimla,sirmaur
shivamogga,uttara kannada
shivamogga,udupi
shivpuri,lalitpur
shivpuri,baran
shivpuri,jhansi
siang,upper siang
siang,west siang
sidhi,singrauli
simdega,sundargarh
simdega,west singhbhum
sindhudurg,north goa
singrauli,sonbhadra
singrauli,mirzapur
sipahijala,west tripura
sipahijala,south tripura
sirmaur,yamunanagar
sirmaur,dehradun
sirmaur,saharanpur
sirmaur,panchkula
sirmaur,ambala
sirmaur,solan
sirohi,udaipur
sirsa,bathinda
sirsa,hanumangarh
sirsa,mansa
sirsa,sri muktsar sahib
sivaganga,tiruchirappalli
sivaganga,virudhunagar
siwan,deoria
siwan,ballia
solan,rupnagar
solan,panchkula
solan,s.a.s. nagar
sonipat,baghpat
sonipat,new delhi
south garo hills,south west khasi hills
south garo hills,west khasi hills
south garo hills,west garo hills
south west garo hills,south salmara mankachar
south west garo hills,west garo hills
south west khasi hills,west khasi hills
sri muktsar sahib,hanumangarh
srikakulam,vizianagaram
srikakulam,ganjam
srikakulam,gajapati
srikakulam,rayagada
sukma,bhadradri kothagudem
sukma,malkangiri
surajpur,singrauli
surajpur,surguja
surat,tapi
tapi,dhule
tapi,nandurbar
tawang,west kameng
tehri garhwal,uttarkashi
thanjavur,tiruchirappalli
thanjavur,thiruvarur
theni,virudhunagar
thiruvallur,vellore
thiruvananthapuram,tirunelveli
thiruvananthapuram,kanyakumari
thoothukkudi,virudhunagar
thoothukkudi,tirunelveli
thrissur,coimbatore
thrissur,palghar
tikamgarh,jhansi
tikamgarh,lalitpur
tirap,dibrugarh
tirap,tinsukia
tirunelveli,virudhunagar
tiruvannamalai,vellore
tiruvannamalai,viluppuram
tuensang,zunheboto
udalguri,sonitpur
udalguri,baksa
udalguri,darrang
udupi,uttara kannada
una,hoshiarpur
una,rupnagar
upper dibang valley,upper siang
upper subansiri,west siang
uttar bastar kanker,gadchiroli
uttara kannada,north goa
uttara kannada,south goa
valsad,nashik
valsad,palghar
visakhapatnam,malkangiri
visakhapatnam,vizianagaram
visakhapatnam,koraput
vizianagaram,koraput
vizianagaram,rayagada
wardha,yavatmal
washim,yavatmal
wayanad,nilgiris
west champaran,maharajganj
west champaran,kushinagar
west garo hills,goalpara
west garo hills,south salmara mankachar
west godavari,khammam
west godavari,bhadradri kothagudem
west jaintia hills,west karbi anglong
west jaintia hills,dima hasao
west kameng,udalguri
west kameng,sonitpur
west khasi hills,kamrup
west singhbhum,mayurbhanj
west singhbhum,sundargarh
west singhbhum,kendujhar
wokha,jorhat
wokha,golaghat
wokha,zunheboto
yamunanagar,saharanpur
yavatmal,adilabad
